,datetimelist
0,2020-10-31 12:39:41+05:30
1,2020-10-31 12:45:58+05:30
2,2020-10-31 10:22:14+05:30
3,2020-10-31 03:12:31+05:30
4,2020-10-31 10:19:39+05:30
5,2020-10-31 05:30:30+05:30
6,2020-10-31 02:57:33+05:30
7,2020-10-31 13:33:59+05:30
8,2020-10-31 06:55:32+05:30
9,2020-10-31 12:51:45+05:30
10,2020-10-31 13:33:09+05:30
11,2020-10-31 13:33:59+05:30
12,2020-10-31 06:55:32+05:30
13,2020-10-31 12:51:45+05:30
14,2020-10-31 13:33:09+05:30
15,2020-10-31 02:22:23+05:30
16,2020-10-31 11:28:43+05:30
17,2020-10-31 08:18:27+05:30
18,2020-10-31 07:18:08+05:30
19,2020-10-31 13:33:09+05:30
20,2020-10-31 02:22:23+05:30
21,2020-10-31 11:28:43+05:30
22,2020-10-31 08:18:27+05:30
23,2020-10-31 07:18:08+05:30
24,2020-10-31 02:10:15+05:30
25,2020-10-31 07:42:27+05:30
26,2020-10-31 02:59:08+05:30
27,2020-10-31 08:18:27+05:30
28,2020-10-31 07:18:08+05:30
29,2020-10-31 02:10:15+05:30
30,2020-10-31 07:42:27+05:30
31,2020-10-31 02:59:08+05:30
32,2020-10-31 13:07:40+05:30
33,2020-10-31 05:25:47+05:30
34,2020-10-31 09:14:03+05:30
